genome,score
CAJJTO01.fa,61.799965673517015
CAJKGB01.fa,80.46470702556074
CAJLGA01.fa,101.65298479431816
CAJKRE01.fa,85.52631755465674
CAJKXJ01.fa,102.64874968352828
CAJKRY01.fa,99.56580662523011
CAJKXZ01.fa,88.71403376630013
