genome,score
MGYG000000001.fa,61.799965673517015
MGYG000000002.fa,80.46470702556074
MGYG000000007.fa,101.65298479431816
MGYG000000003.fa,85.52631755465674
MGYG000000005.fa,102.64874968352828
MGYG000000004.fa,99.56580662523011
MGYG000000006.fa,88.71403376630013
